Entity,Code,Year,"Female share of graduates from Science, Technology, Engineering and Mathematics (STEM) programmes, tertiary (%)"
Albania,ALB,2000,32.43243
Albania,ALB,2003,44.20063
Albania,ALB,2011,48.06421
Albania,ALB,2015,52.7805
Albania,ALB,2016,48.29606
Albania,ALB,2017,48.60221
Albania,ALB,2018,46.65349
Algeria,DZA,2007,46.41335
Algeria,DZA,2009,47.43679
Algeria,DZA,2010,49.1333
Algeria,DZA,2011,49.18845
Algeria,DZA,2015,53.55399
Algeria,DZA,2016,55.47199
Algeria,DZA,2018,58.1698
American Samoa,ASM,2007,18.18182
Andorra,AND,2002,30
Andorra,AND,2003,23.52941
Andorra,AND,2004,11.76471
Andorra,AND,2005,13.63636
Andorra,AND,2006,0
Andorra,AND,2008,10
Andorra,AND,2012,33.33333
Andorra,AND,2015,0
Andorra,AND,2016,25
Andorra,AND,2017,66.66667
Andorra,AND,2018,0
Angola,AGO,1999,37.5
Angola,AGO,2002,40.625
Angola,AGO,2015,38.41584
Antigua and Barbuda,ATG,2009,34.21053
Antigua and Barbuda,ATG,2010,70.58824
Antigua and Barbuda,ATG,2011,75
Antigua and Barbuda,ATG,2012,33.33333
Argentina,ARG,2006,44.81503
Argentina,ARG,2007,47.42081
Argentina,ARG,2008,43.30219
Argentina,ARG,2009,44.16372
Argentina,ARG,2010,43.46254
Armenia,ARM,2010,38.03681
Armenia,ARM,2015,42.78682
Armenia,ARM,2016,36.8438
Armenia,ARM,2017,32.83465
Armenia,ARM,2018,39.81053
Aruba,ABW,1999,16.41791
Aruba,ABW,2000,14.7541
Aruba,ABW,2001,10.81081
Aruba,ABW,2002,22.58065
Aruba,ABW,2003,12.2449
Aruba,ABW,2004,18.18182
Aruba,ABW,2005,11.29032
Aruba,ABW,2006,0
Aruba,ABW,2007,13.23529
Aruba,ABW,2008,13.23529
Aruba,ABW,2009,17.85714
Aruba,ABW,2010,7.54717
Aruba,ABW,2011,14.89362
Aruba,ABW,2012,19.69697
Aruba,ABW,2016,40
Australia,AUS,1999,33.85777
Australia,AUS,2000,33.79698
Australia,AUS,2002,31.66033
Australia,AUS,2003,31.84937
Australia,AUS,2005,32.17193
Australia,AUS,2006,30.92307
Australia,AUS,2007,31.68841
Australia,AUS,2008,31.08425
Australia,AUS,2009,30.89393
Australia,AUS,2011,30.18985
Australia,AUS,2013,30.67079
Australia,AUS,2014,30.96082
Australia,AUS,2015,31.7331
Australia,AUS,2017,32.07578
Austria,AUT,2013,25.69282
Austria,AUT,2014,26.11129
Austria,AUT,2015,25.29697
Austria,AUT,2016,25.9026
Azerbaijan,AZE,2008,40.47177
Azerbaijan,AZE,2009,40.18519
Azerbaijan,AZE,2010,42.77073
Azerbaijan,AZE,2011,43.51852
Azerbaijan,AZE,2012,42.14737
Azerbaijan,AZE,2015,33.4342
Azerbaijan,AZE,2016,34.83515
Azerbaijan,AZE,2017,40.06507
Azerbaijan,AZE,2018,35.09903
Bahrain,BHR,2003,50
Bahrain,BHR,2005,53.78549
Bahrain,BHR,2006,45.93023
Bahrain,BHR,2015,42.33983
Bahrain,BHR,2016,45.74275
Bahrain,BHR,2017,44.28274
Bahrain,BHR,2018,41.21339
Bangladesh,BGD,2002,28.55921
Bangladesh,BGD,2003,23.77152
Bangladesh,BGD,2016,19.77568
Bangladesh,BGD,2017,19.77568
Bangladesh,BGD,2018,20.55313
Barbados,BRB,2011,40.50279
Belarus,BLR,2015,26.31468
Belarus,BLR,2016,26.97185
Belarus,BLR,2017,26.73484
Belarus,BLR,2018,27.41609
Belgium,BEL,2000,25.38194
Belgium,BEL,2001,24.31775
Belgium,BEL,2002,25.22465
Belgium,BEL,2006,26.79132
Belgium,BEL,2008,26.20129
Belgium,BEL,2009,27.07275
Belgium,BEL,2010,24.12045
Belgium,BEL,2011,24.88359
Belgium,BEL,2012,24.38268
Belgium,BEL,2013,24.77217
Belgium,BEL,2014,26.33454
Belgium,BEL,2015,26.5576
Belgium,BEL,2016,27.48167
Belgium,BEL,2017,25.83196
Belize,BLZ,2015,41.83007
Benin,BEN,2011,19.83732
Benin,BEN,2014,18.96135
Benin,BEN,2015,54.88478
Bermuda,BMU,2001,26.66667
Bermuda,BMU,2005,38.88889
Bermuda,BMU,2007,18.91892
Bermuda,BMU,2009,24.24242
Bermuda,BMU,2010,38.09524
Bermuda,BMU,2011,39.13043
Bermuda,BMU,2012,25.71429
Bermuda,BMU,2015,18.51852
Bermuda,BMU,2017,21.42857
Bermuda,BMU,2018,20.37037
Bosnia and Herzegovina,BIH,2015,42.56293
Bosnia and Herzegovina,BIH,2016,43.86636
Bosnia and Herzegovina,BIH,2017,42.91168
Bosnia and Herzegovina,BIH,2018,44.49518
Brazil,BRA,2001,37.93921
Brazil,BRA,2002,37.39032
Brazil,BRA,2003,37.12818
Brazil,BRA,2004,36.37983
Brazil,BRA,2005,35.28682
Brazil,BRA,2007,32.88734
Brazil,BRA,2008,33.86006
Brazil,BRA,2009,32.1576
Brazil,BRA,2010,30.60824
Brazil,BRA,2011,31.62544
Brazil,BRA,2012,32.32999
Brazil,BRA,2014,34.87881
Brazil,BRA,2015,34.44652
Brazil,BRA,2016,35.20026
Brazil,BRA,2017,36.64406
British Virgin Islands,VGB,2009,56.41026
Brunei,BRN,1999,52.30769
Brunei,BRN,2000,48.83721
Brunei,BRN,2001,42.74809
Brunei,BRN,2003,48.4375
Brunei,BRN,2004,42.40506
Brunei,BRN,2005,44.1989
Brunei,BRN,2006,62.33766
Brunei,BRN,2007,39.13043
Brunei,BRN,2008,49.13793
Brunei,BRN,2009,50.3937
Brunei,BRN,2010,41.68937
Brunei,BRN,2011,50.53191
Brunei,BRN,2012,49.43503
Brunei,BRN,2015,49.17062
Brunei,BRN,2016,51.85512
Brunei,BRN,2018,54.3399
Bulgaria,BGR,1999,47.53079
Bulgaria,BGR,2000,47.19719
Bulgaria,BGR,2001,41.94868
Bulgaria,BGR,2002,40.58137
Bulgaria,BGR,2003,43.11235
Bulgaria,BGR,2004,42.8924
Bulgaria,BGR,2005,42.30731
Bulgaria,BGR,2007,42.55234
Bulgaria,BGR,2008,38.86538
Bulgaria,BGR,2009,39.02757
Bulgaria,BGR,2010,40.39315
Bulgaria,BGR,2011,40.63104
Bulgaria,BGR,2012,39.42513
Bulgaria,BGR,2013,39.85229
Bulgaria,BGR,2014,38.79142
Bulgaria,BGR,2015,37.48946
Bulgaria,BGR,2016,38.26006
Bulgaria,BGR,2017,36.87189
Burkina Faso,BFA,2011,15.4963
Burkina Faso,BFA,2012,18.8664
Burkina Faso,BFA,2014,20.20117
Burkina Faso,BFA,2015,11.88322
Burkina Faso,BFA,2016,16.04096
Burkina Faso,BFA,2017,15.09993
Burkina Faso,BFA,2018,20.5868
Burundi,BDI,2001,0
Burundi,BDI,2004,9.90991
Burundi,BDI,2010,40.66265
Burundi,BDI,2016,19.24742
Burundi,BDI,2017,18.16911
Cambodia,KHM,2000,25
Cambodia,KHM,2001,21.68285
Cambodia,KHM,2002,18.12227
Cambodia,KHM,2004,12.05519
Cambodia,KHM,2007,11.53342
Cambodia,KHM,2008,9.82824
Cambodia,KHM,2015,16.67996
Cameroon,CMR,2016,31.7606
Cameroon,CMR,2017,32.27844
Canada,CAN,1998,30.62064
Canada,CAN,2013,32.87244
Canada,CAN,2014,31.92508
Canada,CAN,2015,31.66622
Canada,CAN,2016,31.4295
Cape Verde,CPV,2016,38.60759
Cape Verde,CPV,2017,30.64516
Cape Verde,CPV,2018,42.35808
Cayman Islands,CYM,2006,53.84615
Cayman Islands,CYM,2007,15
Cayman Islands,CYM,2008,32.91139
Chad,TCD,2000,4.08163
Chile,CHL,2004,25.27867
Chile,CHL,2006,26.86859
Chile,CHL,2007,23.61588
Chile,CHL,2008,22.82094
Chile,CHL,2009,21.34225
Chile,CHL,2010,20.20418
Chile,CHL,2012,19.89787
Chile,CHL,2013,19.45468
Chile,CHL,2014,18.5771
Chile,CHL,2015,18.20913
Chile,CHL,2016,18.47369
Chile,CHL,2017,18.82858
Colombia,COL,2002,36.78437
Colombia,COL,2011,34.87449
Colombia,COL,2012,34.30534
Colombia,COL,2014,34.21483
Colombia,COL,2015,33.11861
Colombia,COL,2016,33.87765
Colombia,COL,2017,34.06387
Colombia,COL,2018,33.40987
Comoros,COM,1999,36
Comoros,COM,2000,0
Congo,COG,2017,20.80925
Costa Rica,CRI,2001,31.85756
Costa Rica,CRI,2002,29.82132
Costa Rica,CRI,2007,32.31098
Costa Rica,CRI,2010,28.65001
Costa Rica,CRI,2011,32.86825
Costa Rica,CRI,2015,31.31045
Costa Rica,CRI,2016,33.42558
Costa Rica,CRI,2017,33.42594
Costa Rica,CRI,2018,32.20033
Croatia,HRV,1999,34.06054
Croatia,HRV,2001,38.61195
Croatia,HRV,2002,36.09626
Croatia,HRV,2003,34.84981
Croatia,HRV,2005,32.83456
Croatia,HRV,2006,35.1098
Croatia,HRV,2007,31.86957
Croatia,HRV,2008,33.31177
Croatia,HRV,2009,34.05732
Croatia,HRV,2010,37.62688
Croatia,HRV,2012,34.64771
Croatia,HRV,2014,36.3778
Croatia,HRV,2015,35.22319
Croatia,HRV,2016,37.92262
Croatia,HRV,2017,38.91309
Cuba,CUB,2016,39.88868
Cyprus,CYP,1999,38.73626
Cyprus,CYP,2002,35.38874
Cyprus,CYP,2003,27.63819
Cyprus,CYP,2006,35.94041
Cyprus,CYP,2007,31.51184
Cyprus,CYP,2008,37.40602
Cyprus,CYP,2009,36.99515
Cyprus,CYP,2010,39.28571
Cyprus,CYP,2011,32.90891
Cyprus,CYP,2012,49.18519
Cyprus,CYP,2013,38.65894
Cyprus,CYP,2014,38.22861
Cyprus,CYP,2015,41.01449
Cyprus,CYP,2016,42.2272
Cyprus,CYP,2017,38.26274
Czechia,CZE,1999,25.69123
Czechia,CZE,2000,27.36187
Czechia,CZE,2001,27.53683
Czechia,CZE,2002,28.85198
Czechia,CZE,2003,29.54293
Czechia,CZE,2004,29.81562
Czechia,CZE,2005,27.77197
Czechia,CZE,2007,30.66164
Czechia,CZE,2008,30.917
Czechia,CZE,2009,32.09558
Czechia,CZE,2010,30.76147
Czechia,CZE,2011,33.31271
Czechia,CZE,2012,33.70113
Czechia,CZE,2013,33.86935
Czechia,CZE,2014,34.11605
Czechia,CZE,2015,34.52674
Czechia,CZE,2016,35.37918
Czechia,CZE,2017,35.56827
Democratic Republic of Congo,COD,2016,25.09538
Denmark,DNK,1999,30.68331
Denmark,DNK,2000,32.2884
Denmark,DNK,2001,28.7409
Denmark,DNK,2002,28.62705
Denmark,DNK,2003,30.42347
Denmark,DNK,2004,32.32612
Denmark,DNK,2005,34.00021
Denmark,DNK,2006,34.20565
Denmark,DNK,2007,36.01812
Denmark,DNK,2008,36.46113
Denmark,DNK,2009,36.55037
Denmark,DNK,2010,36.66667
Denmark,DNK,2011,37.91624
Denmark,DNK,2012,37.32811
Denmark,DNK,2013,35.34432
Denmark,DNK,2014,36.08466
Denmark,DNK,2015,32.1991
Denmark,DNK,2016,33.65038
Denmark,DNK,2017,34.24926
Dominican Republic,DOM,2015,41.58126
Dominican Republic,DOM,2016,31.91264
Dominican Republic,DOM,2017,39.98837
Ecuador,ECU,2007,35.65861
Ecuador,ECU,2008,32.33212
Ecuador,ECU,2014,28.56141
Ecuador,ECU,2015,28.07039
Ecuador,ECU,2016,29.22662
Egypt,EGY,2016,36.89891
El Salvador,SLV,2002,32.91782
El Salvador,SLV,2003,34.74918
El Salvador,SLV,2005,34.30948
El Salvador,SLV,2006,32.51043
El Salvador,SLV,2007,34.45327
El Salvador,SLV,2008,34.2291
El Salvador,SLV,2009,31.21192
El Salvador,SLV,2010,31.214
El Salvador,SLV,2011,29.53335
El Salvador,SLV,2012,28.69621
El Salvador,SLV,2015,26.28067
El Salvador,SLV,2016,23.90077
El Salvador,SLV,2017,23.51802
El Salvador,SLV,2018,23.1384
Eritrea,ERI,1999,9.41176
Eritrea,ERI,2000,8.08824
Eritrea,ERI,2002,3.19149
Eritrea,ERI,2003,8.78788
Eritrea,ERI,2004,7.98319
Eritrea,ERI,2015,27.49179
Eritrea,ERI,2016,27.80749
Estonia,EST,1999,34.81117
Estonia,EST,2000,36.40351
Estonia,EST,2001,34.7398
Estonia,EST,2002,42.65474
Estonia,EST,2003,45.69288
Estonia,EST,2004,43.96415
Estonia,EST,2005,46.69636
Estonia,EST,2006,46.43429
Estonia,EST,2007,42.6142
Estonia,EST,2008,46.25749
Estonia,EST,2009,45.09202
Estonia,EST,2010,43.75462
Estonia,EST,2011,42.07402
Estonia,EST,2012,40.17606
Estonia,EST,2013,39.68792
Estonia,EST,2014,41.24861
Estonia,EST,2015,40.54735
Estonia,EST,2016,38.32505
Estonia,EST,2017,38.37799
Eswatini,SWZ,1999,51.02041
Eswatini,SWZ,2000,50
Eswatini,SWZ,2001,48.97959
Eswatini,SWZ,2002,37.77778
Eswatini,SWZ,2005,49.29577
Eswatini,SWZ,2006,32
Eswatini,SWZ,2015,0
Ethiopia,ETH,1999,10.97345
Ethiopia,ETH,2000,7.81759
Ethiopia,ETH,2002,11.37175
Ethiopia,ETH,2003,12.05734
Ethiopia,ETH,2004,14.97863
Ethiopia,ETH,2005,10.76005
Ethiopia,ETH,2008,16.37802
Ethiopia,ETH,2010,17.32012
Finland,FIN,1998,24.39996
Finland,FIN,1999,25.65317
Finland,FIN,2000,27.83374
Finland,FIN,2001,27.43395
Finland,FIN,2002,28.22293
Finland,FIN,2003,30.54386
Finland,FIN,2004,30.2183
Finland,FIN,2009,29.47113
Finland,FIN,2010,27.9516
Finland,FIN,2011,29.28552
Finland,FIN,2012,28.27169
Finland,FIN,2013,27.48335
Finland,FIN,2014,27.24841
Finland,FIN,2015,27.55127
Finland,FIN,2016,27.05804
Finland,FIN,2017,27.40048
France,FRA,2000,30.46987
France,FRA,2002,29.93149
France,FRA,2003,30.56883
France,FRA,2004,28.78744
France,FRA,2006,28.46096
France,FRA,2007,28.61366
France,FRA,2008,28.95497
France,FRA,2009,29.62351
France,FRA,2012,30.32746
France,FRA,2013,30.8101
France,FRA,2014,30.56737
France,FRA,2015,31.23152
France,FRA,2016,31.80564
Gambia,GMB,2004,8.51064
Gambia,GMB,2011,49.78873
Gambia,GMB,2012,45.65712
Georgia,GEO,1999,40.16721
Georgia,GEO,2000,42.34673
Georgia,GEO,2001,41.88355
Georgia,GEO,2002,39.13906
Georgia,GEO,2003,39.72916
Georgia,GEO,2004,37.88948
Georgia,GEO,2006,38.3884
Georgia,GEO,2007,34.64343
Georgia,GEO,2010,40.53006
Georgia,GEO,2012,42.10944
Georgia,GEO,2016,44.43092
Georgia,GEO,2017,43.7452
Georgia,GEO,2018,43.49285
Georgia,GEO,2019,38.67785
Germany,DEU,1999,20.88006
Germany,DEU,2000,21.67118
Germany,DEU,2001,22.41421
Germany,DEU,2002,23.12765
Germany,DEU,2015,26.84921
Germany,DEU,2016,27.13951
Germany,DEU,2017,27.55567
Ghana,GHA,2015,20.8329
Ghana,GHA,2016,20.50683
Ghana,GHA,2017,22.50321
Ghana,GHA,2018,19.76201
Gibraltar,GIB,1999,0
Gibraltar,GIB,2000,0
Gibraltar,GIB,2004,0
Gibraltar,GIB,2005,0
Gibraltar,GIB,2010,0
Greece,GRC,2004,41.02564
Greece,GRC,2005,41.36491
Greece,GRC,2007,45.03628
Greece,GRC,2008,41.89116
Greece,GRC,2010,39.73062
Greece,GRC,2011,39.19035
Greece,GRC,2012,38.23046
Greece,GRC,2013,38.39961
Greece,GRC,2014,37.68188
Greece,GRC,2016,39.82126
Greece,GRC,2017,40.08756
Grenada,GRD,2015,47.67025
Grenada,GRD,2017,35.40984
Grenada,GRD,2018,40.94488
Guatemala,GTM,2002,31.91489
Guatemala,GTM,2007,33.79175
Guatemala,GTM,2014,34.70212
Guatemala,GTM,2015,34.6914
Guyana,GUY,2005,27.44361
Guyana,GUY,2006,34.88372
Guyana,GUY,2007,36.24454
Guyana,GUY,2008,29.95595
Guyana,GUY,2009,29.66507
Guyana,GUY,2010,25.41667
Guyana,GUY,2011,23.33333
Guyana,GUY,2012,27.20307
Honduras,HND,2003,49.4929
Honduras,HND,2012,39.43058
Honduras,HND,2015,37.4565
Honduras,HND,2016,37.79786
Honduras,HND,2017,41.87938
Honduras,HND,2018,37.78616
Hong Kong,HKG,2003,25.49941
Hong Kong,HKG,2004,25.68328
Hong Kong,HKG,2005,25.52006
Hong Kong,HKG,2006,25.32672
Hungary,HUN,1999,25.43698
Hungary,HUN,2000,24.82314
Hungary,HUN,2001,30.32218
Hungary,HUN,2002,30.17799
Hungary,HUN,2003,29.0117
Hungary,HUN,2004,30.92702
Hungary,HUN,2005,33.24728
Hungary,HUN,2006,30.82164
Hungary,HUN,2008,28.60722
Hungary,HUN,2009,31.79382
Hungary,HUN,2010,33.19399
Hungary,HUN,2011,29.90142
Hungary,HUN,2012,30.31252
Hungary,HUN,2013,30.36909
Hungary,HUN,2014,31.0093
Hungary,HUN,2015,31.69457
Hungary,HUN,2016,31.53762
Hungary,HUN,2017,31.6804
Iceland,ISL,1999,35.40856
Iceland,ISL,2000,37.89174
Iceland,ISL,2001,35.62341
Iceland,ISL,2002,33.33333
Iceland,ISL,2003,35.83535
Iceland,ISL,2004,38.44492
Iceland,ISL,2005,37.41339
Iceland,ISL,2006,39.55375
Iceland,ISL,2007,34.27948
Iceland,ISL,2008,35.08065
Iceland,ISL,2009,37.27811
Iceland,ISL,2010,43.56589
Iceland,ISL,2012,35.23035
India,IND,2013,42.07829
India,IND,2014,42.31756
India,IND,2015,42.06579
India,IND,2016,42.71698
India,IND,2017,43.9376
India,IND,2018,42.73444
Indonesia,IDN,2014,37.49694
Indonesia,IDN,2015,36.07524
Indonesia,IDN,2016,36.24414
Indonesia,IDN,2017,37.72947
Indonesia,IDN,2018,37.43295
Iran,IRN,2004,30.21223
Iran,IRN,2005,37.22578
Iran,IRN,2006,33.99234
Iran,IRN,2007,37.22578
Iran,IRN,2009,38.32977
Iran,IRN,2011,28.59561
Iran,IRN,2012,27.10615
Iran,IRN,2016,30.09256
Iran,IRN,2017,31.16248
Iraq,IRQ,2004,18.52159
Ireland,IRL,1998,35.21876
Ireland,IRL,1999,38.64916
Ireland,IRL,2000,37.90796
Ireland,IRL,2001,36.40873
Ireland,IRL,2002,35.5581
Ireland,IRL,2003,34.7697
Ireland,IRL,2004,31.4816
Ireland,IRL,2009,29.29369
Ireland,IRL,2010,27.1876
Ireland,IRL,2012,29.3723
Ireland,IRL,2013,23.48285
Ireland,IRL,2014,26.44334
Ireland,IRL,2015,28.65679
Ireland,IRL,2016,29.00194
Israel,ISR,1999,29.23401
Italy,ITA,1998,38.01267
Italy,ITA,1999,37.3731
Italy,ITA,2000,36.83942
Italy,ITA,2001,38.69916
Italy,ITA,2002,34.88802
Italy,ITA,2003,36.25829
Italy,ITA,2004,36.93915
Italy,ITA,2005,37.47765
Italy,ITA,2006,38.17609
Italy,ITA,2007,38.67342
Italy,ITA,2008,39.72888
Italy,ITA,2011,40.27685
Italy,ITA,2012,45.34616
Italy,ITA,2013,40.6499
Italy,ITA,2014,40.43213
Italy,ITA,2015,40.51629
Italy,ITA,2016,39.52253
Jordan,JOR,2004,37.28866
Jordan,JOR,2005,34.71698
Jordan,JOR,2007,40.27633
Kazakhstan,KAZ,2016,35.05535
Kazakhstan,KAZ,2017,33.09614
Kazakhstan,KAZ,2018,32.87711
Kazakhstan,KAZ,2019,31.63234
Kenya,KEN,2000,19.92685
Kenya,KEN,2001,18.62523
Kenya,KEN,2016,30.72713
Kiribati,KIR,2008,0
Kiribati,KIR,2012,0
Kyrgyzstan,KGZ,1999,50.47749
Kyrgyzstan,KGZ,2001,45.4425
Kyrgyzstan,KGZ,2002,48.44002
Kyrgyzstan,KGZ,2003,44.3038
Kyrgyzstan,KGZ,2004,44.71915
Kyrgyzstan,KGZ,2005,56.84905
Kyrgyzstan,KGZ,2006,43.22216
Kyrgyzstan,KGZ,2007,40.13019
Kyrgyzstan,KGZ,2008,42.17368
Kyrgyzstan,KGZ,2009,42.21192
Kyrgyzstan,KGZ,2010,41.23943
Kyrgyzstan,KGZ,2011,40.01298
Kyrgyzstan,KGZ,2012,41.30435
Kyrgyzstan,KGZ,2015,30.17125
Kyrgyzstan,KGZ,2016,29.1343
Kyrgyzstan,KGZ,2017,38.70853
Kyrgyzstan,KGZ,2018,31.27617
Laos,LAO,1999,20.05141
Laos,LAO,2001,15.60284
Laos,LAO,2004,21.31661
Laos,LAO,2005,13.21909
Laos,LAO,2009,16.57092
Laos,LAO,2011,18.52803
Laos,LAO,2012,17.61905
Laos,LAO,2015,23.20899
Laos,LAO,2016,22.42691
Laos,LAO,2017,25.15293
Laos,LAO,2018,28.95031
Latvia,LVA,1999,36.52052
Latvia,LVA,2000,32.2841
Latvia,LVA,2001,41.5034
Latvia,LVA,2002,40.45773
Latvia,LVA,2003,38.87353
Latvia,LVA,2004,34.03157
Latvia,LVA,2005,34.49546
Latvia,LVA,2006,34.88232
Latvia,LVA,2007,35.12421
Latvia,LVA,2008,34.87885
Latvia,LVA,2009,34.02367
Latvia,LVA,2010,34.00147
Latvia,LVA,2011,31.25
Latvia,LVA,2012,32.10135
Latvia,LVA,2013,32.86374
Latvia,LVA,2014,33.67595
Latvia,LVA,2015,31.44744
Latvia,LVA,2016,31.87288
Latvia,LVA,2017,31.133
Lebanon,LBN,2000,31.68779
Lebanon,LBN,2001,32.53864
Lebanon,LBN,2002,32.00305
Lebanon,LBN,2004,38.05956
Lebanon,LBN,2005,29.2437
Lebanon,LBN,2006,33.31703
Lebanon,LBN,2007,34.8375
Lebanon,LBN,2008,37.27694
Lebanon,LBN,2009,43.75926
Lebanon,LBN,2010,42.95294
Lebanon,LBN,2011,43.25716
Lesotho,LSO,2012,30.33292
Lesotho,LSO,2015,23.44428
Lesotho,LSO,2018,24.8237
Liberia,LBR,2000,57.54509
Liechtenstein,LIE,2003,36
Liechtenstein,LIE,2004,50
Liechtenstein,LIE,2006,19.56522
Liechtenstein,LIE,2007,30.43478
Liechtenstein,LIE,2008,25.80645
Liechtenstein,LIE,2009,25.80645
Liechtenstein,LIE,2010,62.16216
Liechtenstein,LIE,2011,44.44444
Liechtenstein,LIE,2012,40.67797
Lithuania,LTU,1999,38.61171
Lithuania,LTU,2000,36.45787
Lithuania,LTU,2001,36.97444
Lithuania,LTU,2002,38.03982
Lithuania,LTU,2003,36.90655
Lithuania,LTU,2004,36.90586
Lithuania,LTU,2005,36.49874
Lithuania,LTU,2006,33.10655
Lithuania,LTU,2007,33.8437
Lithuania,LTU,2008,35.14878
Lithuania,LTU,2009,32.00722
Lithuania,LTU,2010,30.4565
Lithuania,LTU,2011,30.62392
Lithuania,LTU,2012,29.14943
Lithuania,LTU,2013,28.43658
Lithuania,LTU,2014,30.54601
Lithuania,LTU,2015,30.80645
Lithuania,LTU,2016,29.82034
Lithuania,LTU,2017,29.59471
Luxembourg,LUX,2008,18.57143
Luxembourg,LUX,2012,41.05263
Luxembourg,LUX,2013,31.37255
Luxembourg,LUX,2014,27.62646
Luxembourg,LUX,2015,21.83099
Luxembourg,LUX,2016,27.57475
Macao,MAC,2005,18.80878
Macao,MAC,2006,13.75839
Macao,MAC,2007,17.03704
Macao,MAC,2008,10.90226
Macao,MAC,2009,16.1512
Macao,MAC,2010,15.47619
Macao,MAC,2011,15.84158
Macao,MAC,2012,14.63415
Macao,MAC,2015,19.19831
Macao,MAC,2016,22.04545
Macao,MAC,2017,21.15385
Macao,MAC,2018,25.37313
Madagascar,MDG,2005,31.92198
Madagascar,MDG,2006,35.49757
Madagascar,MDG,2007,33.40448
Madagascar,MDG,2008,30.5911
Madagascar,MDG,2009,28.71931
Madagascar,MDG,2010,30.89076
Madagascar,MDG,2014,31.3681
Madagascar,MDG,2015,30.63842
Madagascar,MDG,2016,28.10765
Madagascar,MDG,2017,29.61931
Madagascar,MDG,2018,31.01747
Malaysia,MYS,2004,42.75994
Malaysia,MYS,2006,45.83978
Malaysia,MYS,2007,42.24413
Malaysia,MYS,2008,41.81923
Malaysia,MYS,2009,41.70631
Malaysia,MYS,2010,42.28952
Malaysia,MYS,2011,42.13978
Malaysia,MYS,2012,45.34401
Malaysia,MYS,2015,38.56042
Malaysia,MYS,2018,34.16717
Maldives,MDV,1998,0
Maldives,MDV,1999,0
Maldives,MDV,2000,0
Maldives,MDV,2001,0
Maldives,MDV,2002,0
Maldives,MDV,2017,10.56338
Malta,MLT,2000,21.51899
Malta,MLT,2001,26.94301
Malta,MLT,2002,26.70807
Malta,MLT,2003,26.73797
Malta,MLT,2004,31.22172
Malta,MLT,2005,30.43478
Malta,MLT,2006,25.92593
Malta,MLT,2007,37.76722
Malta,MLT,2008,28.41226
Malta,MLT,2009,30.60748
Malta,MLT,2010,32.87402
Malta,MLT,2011,31.04839
Malta,MLT,2013,28.89813
Malta,MLT,2014,27.12385
Malta,MLT,2015,29.89796
Malta,MLT,2016,28.14446
Malta,MLT,2017,27.84946
Mauritania,MRT,2016,27.03583
Mauritania,MRT,2017,28.85748
Mauritius,MUS,2017,36.02903
Mexico,MEX,2000,31.55822
Mexico,MEX,2001,32.2907
Mexico,MEX,2002,33.12058
Mexico,MEX,2003,34.4284
Mexico,MEX,2005,33.54648
Mexico,MEX,2006,34.13191
Mexico,MEX,2007,33.87363
Mexico,MEX,2008,34.12458
Mexico,MEX,2009,33.67395
Mexico,MEX,2010,32.98682
Mexico,MEX,2011,32.37514
Mexico,MEX,2013,31.8578
Mexico,MEX,2014,31.21184
Mexico,MEX,2015,31.33195
Mexico,MEX,2016,31.13375
Mexico,MEX,2017,30.62815
Moldova,MDA,2014,33.45503
Moldova,MDA,2015,32.16016
Moldova,MDA,2018,30.5224
Monaco,MCO,2018,0
Mongolia,MNG,1999,51.26371
Mongolia,MNG,2000,49.49281
Mongolia,MNG,2001,49.76744
Mongolia,MNG,2002,51.50798
Mongolia,MNG,2003,51.75585
Mongolia,MNG,2004,50.41602
Mongolia,MNG,2005,51.75355
Mongolia,MNG,2006,48.55967
Mongolia,MNG,2007,47.94347
Mongolia,MNG,2008,49.00855
Mongolia,MNG,2009,45.28732
Mongolia,MNG,2010,43.32966
Mongolia,MNG,2011,42.02128
Mongolia,MNG,2016,36.0924
Mongolia,MNG,2017,33.73026
Mongolia,MNG,2018,34.07768
Morocco,MAR,2001,28.13547
Morocco,MAR,2007,20.4904
Morocco,MAR,2008,16.83562
Morocco,MAR,2009,36.91679
Morocco,MAR,2010,38.63551
Morocco,MAR,2015,45.48795
Morocco,MAR,2016,45.24561
Morocco,MAR,2017,45.3156
Mozambique,MOZ,2004,22.90249
Mozambique,MOZ,2005,13.21185
Mozambique,MOZ,2006,15.8046
Mozambique,MOZ,2008,21.10818
Mozambique,MOZ,2009,21.0084
Mozambique,MOZ,2012,19.2389
Mozambique,MOZ,2015,21.37978
Mozambique,MOZ,2016,23.11952
Mozambique,MOZ,2017,26.70127
Mozambique,MOZ,2018,29.2567
Myanmar,MMR,2011,66.23127
Myanmar,MMR,2018,60.76428
Namibia,NAM,2001,26.5625
Namibia,NAM,2003,33.58209
Namibia,NAM,2005,40.86022
Namibia,NAM,2014,46.33295
Namibia,NAM,2015,46.56751
Namibia,NAM,2016,41.93297
Namibia,NAM,2017,42.49578
Nauru,NRU,1998,0
Nauru,NRU,1999,0
Nauru,NRU,2000,0
Nauru,NRU,2001,0
Nauru,NRU,2002,0
Nauru,NRU,2004,0
Nauru,NRU,2007,0
Nauru,NRU,2008,0
Netherlands,NLD,1999,17.89371
Netherlands,NLD,2000,18.21409
Netherlands,NLD,2001,18.049
Netherlands,NLD,2002,18.49097
Netherlands,NLD,2004,20.15734
Netherlands,NLD,2005,21.01221
Netherlands,NLD,2010,20.92123
Netherlands,NLD,2013,24.60695
Netherlands,NLD,2014,25.31658
Netherlands,NLD,2017,29.29293
New Zealand,NZL,2005,33.66484
New Zealand,NZL,2013,34.08465
New Zealand,NZL,2014,34.22946
New Zealand,NZL,2015,33.9148
New Zealand,NZL,2016,35.0966
New Zealand,NZL,2017,34.96016
Niger,NER,2001,5.88235
Niger,NER,2015,17.65376
Niger,NER,2016,46.22445
Niger,NER,2017,29.13295
Niger,NER,2018,18.02791
North Korea,PRK,2015,19.26917
North Macedonia,MKD,1999,41.94952
North Macedonia,MKD,2000,41.40234
North Macedonia,MKD,2001,41.34241
North Macedonia,MKD,2002,44.36759
North Macedonia,MKD,2003,41.07807
North Macedonia,MKD,2004,45.45455
North Macedonia,MKD,2005,47.80635
North Macedonia,MKD,2006,46.02837
North Macedonia,MKD,2007,40.14407
North Macedonia,MKD,2008,42.89289
North Macedonia,MKD,2009,41.99319
North Macedonia,MKD,2010,39.84891
North Macedonia,MKD,2011,37.58306
North Macedonia,MKD,2012,38.65083
North Macedonia,MKD,2013,38.58954
North Macedonia,MKD,2014,40.89039
North Macedonia,MKD,2015,45.14388
North Macedonia,MKD,2017,47.38186
Norway,NOR,1999,25.76714
Norway,NOR,2000,27.4945
Norway,NOR,2001,26.00526
Norway,NOR,2002,27.5803
Norway,NOR,2004,25.18421
Norway,NOR,2005,27.03322
Norway,NOR,2007,30.02522
Norway,NOR,2008,30.12243
Norway,NOR,2009,30.88499
Norway,NOR,2010,31.74376
Norway,NOR,2012,31.27984
Norway,NOR,2013,25.89623
Norway,NOR,2014,25.49855
Norway,NOR,2015,29.06093
Norway,NOR,2016,28.43772
Norway,NOR,2017,28.46429
Oman,OMN,2007,44.06176
Oman,OMN,2009,45.86331
Oman,OMN,2010,49.58863
Oman,OMN,2015,47.59919
Oman,OMN,2016,52.83746
Oman,OMN,2017,59.03497
Oman,OMN,2018,55.73442
Palestine,PSE,1999,43.15652
Palestine,PSE,2000,44.67253
Palestine,PSE,2001,43.78895
Palestine,PSE,2003,45.26528
Palestine,PSE,2004,47.81784
Palestine,PSE,2007,41.64847
Palestine,PSE,2008,42.62753
Palestine,PSE,2009,43.12945
Palestine,PSE,2010,43.70237
Palestine,PSE,2011,44.38874
Palestine,PSE,2012,45.01626
Palestine,PSE,2015,45.45592
Palestine,PSE,2016,46.64345
Palestine,PSE,2017,44.90087
Palestine,PSE,2018,44.27376
Panama,PAN,2002,40.52117
Panama,PAN,2003,18.94143
Panama,PAN,2004,45.46134
Panama,PAN,2005,44.49718
Panama,PAN,2006,41.7992
Panama,PAN,2007,40.35424
Panama,PAN,2008,41.02626
Panama,PAN,2009,40.64808
Panama,PAN,2010,39.34692
Panama,PAN,2011,56.23862
Panama,PAN,2014,46.15558
Panama,PAN,2015,48.95276
Panama,PAN,2016,43.22296
Peru,PER,2016,33.50206
Peru,PER,2017,47.80991
Philippines,PHL,2017,36.25297
Poland,POL,2010,39.18401
Poland,POL,2011,38.77043
Poland,POL,2012,40.69252
Poland,POL,2013,41.86303
Poland,POL,2014,42.63451
Poland,POL,2015,43.62705
Poland,POL,2016,44.09176
Poland,POL,2017,43.36165
Portugal,PRT,2000,39.63798
Portugal,PRT,2002,42.71377
Portugal,PRT,2003,43.44526
Portugal,PRT,2004,43.11024
Portugal,PRT,2005,42.51267
Portugal,PRT,2006,42.07464
Portugal,PRT,2007,37.17097
Portugal,PRT,2008,36.34278
Portugal,PRT,2009,36.07246
Portugal,PRT,2010,38.60796
Portugal,PRT,2011,39.62729
Portugal,PRT,2012,39.935
Portugal,PRT,2013,40.89758
Portugal,PRT,2014,40.91389
Portugal,PRT,2015,38.96266
Portugal,PRT,2016,39.10522
Portugal,PRT,2017,37.76102
Puerto Rico,PRI,2008,28.5651
Puerto Rico,PRI,2009,38.13527
Puerto Rico,PRI,2011,37.6719
Puerto Rico,PRI,2012,37.9595
Puerto Rico,PRI,2014,38.9964
Puerto Rico,PRI,2015,35.79243
Puerto Rico,PRI,2016,38.50121
Qatar,QAT,2000,73.8676
Qatar,QAT,2001,51.86567
Qatar,QAT,2002,45.67308
Qatar,QAT,2003,47.36842
Qatar,QAT,2007,57.74648
Qatar,QAT,2008,53.86473
Qatar,QAT,2009,48.5119
Qatar,QAT,2010,43.73402
Qatar,QAT,2011,25.07987
Qatar,QAT,2012,31.01362
Qatar,QAT,2016,32.91771
Qatar,QAT,2017,41.86414
Qatar,QAT,2018,47.57709
Romania,ROU,1999,32.09496
Romania,ROU,2000,35.0943
Romania,ROU,2001,35.61122
Romania,ROU,2004,38.53403
Romania,ROU,2005,39.96881
Romania,ROU,2006,38.62249
Romania,ROU,2007,40.14366
Romania,ROU,2008,43.8233
Romania,ROU,2009,38.07671
Romania,ROU,2010,40.68039
Romania,ROU,2011,43.17184
Romania,ROU,2013,41.07073
Romania,ROU,2014,41.35524
Romania,ROU,2015,41.73472
Romania,ROU,2016,41.21575
Rwanda,RWA,2017,32.15369
Rwanda,RWA,2018,35.36145
Saint Vincent and the Grenadines,VCT,2001,0
Saint Vincent and the Grenadines,VCT,2002,0
Saint Vincent and the Grenadines,VCT,2003,0
Saint Vincent and the Grenadines,VCT,2004,0
Samoa,WSM,1998,36.36364
Samoa,WSM,1999,36.70886
Samoa,WSM,2000,18.18182
San Marino,SMR,2018,36
Sao Tome and Principe,STP,1999,0
Sao Tome and Principe,STP,2000,0
Sao Tome and Principe,STP,2001,0
Sao Tome and Principe,STP,2002,0
Sao Tome and Principe,STP,2003,0
Sao Tome and Principe,STP,2005,0
Sao Tome and Principe,STP,2006,0
Sao Tome and Principe,STP,2007,0
Sao Tome and Principe,STP,2008,0
Saudi Arabia,SAU,2004,39.43735
Saudi Arabia,SAU,2005,40.36746
Saudi Arabia,SAU,2006,49.37202
Saudi Arabia,SAU,2007,57.8778
Saudi Arabia,SAU,2008,57.46875
Saudi Arabia,SAU,2009,57.49226
Saudi Arabia,SAU,2010,37.99551
Saudi Arabia,SAU,2011,36.87113
Saudi Arabia,SAU,2012,39.37936
Saudi Arabia,SAU,2015,37.54064
Saudi Arabia,SAU,2016,39.02755
Saudi Arabia,SAU,2017,41.65538
Saudi Arabia,SAU,2018,36.822
Serbia,SRB,2007,42.55922
Serbia,SRB,2008,42.7782
Serbia,SRB,2009,42.9966
Serbia,SRB,2010,42.29976
Serbia,SRB,2011,40.48801
Serbia,SRB,2012,38.55305
Serbia,SRB,2015,40.11325
Serbia,SRB,2016,41.09978
Serbia,SRB,2017,39.74098
Serbia,SRB,2018,42.55736
Seychelles,SYC,1998,0
Seychelles,SYC,1999,0
Seychelles,SYC,2000,0
Seychelles,SYC,2001,0
Seychelles,SYC,2003,0
Seychelles,SYC,2004,0
Seychelles,SYC,2005,0
Seychelles,SYC,2007,0
Seychelles,SYC,2009,0
Seychelles,SYC,2011,26.66667
Seychelles,SYC,2012,0
Seychelles,SYC,2015,28.57143
Seychelles,SYC,2016,46
Seychelles,SYC,2017,38.88889
Seychelles,SYC,2018,31.57895
Sierra Leone,SLE,2000,58.97436
Singapore,SGP,2016,33.71565
Singapore,SGP,2017,34.26117
Sint Maarten (Dutch part),SXM,2015,75
Slovakia,SVK,1999,29.94529
Slovakia,SVK,2000,32.28424
Slovakia,SVK,2001,33.22373
Slovakia,SVK,2002,34.21196
Slovakia,SVK,2003,35.23083
Slovakia,SVK,2004,35.73445
Slovakia,SVK,2005,36.02956
Slovakia,SVK,2006,35.4597
Slovakia,SVK,2007,35.93446
Slovakia,SVK,2008,37.30331
Slovakia,SVK,2009,35.6167
Slovakia,SVK,2010,36.09562
Slovakia,SVK,2011,35.36183
Slovakia,SVK,2012,35.88282
Slovakia,SVK,2013,36.57574
Slovakia,SVK,2014,37.17372
Slovakia,SVK,2015,35.57759
Slovakia,SVK,2017,35.22112
Slovenia,SVN,1999,22.76622
Slovenia,SVN,2001,24.20016
Slovenia,SVN,2002,24.62399
Slovenia,SVN,2003,25.77556
Slovenia,SVN,2004,24.99131
Slovenia,SVN,2005,26.00927
Slovenia,SVN,2006,25.99388
Slovenia,SVN,2007,24.98345
Slovenia,SVN,2008,26.7666
Slovenia,SVN,2009,25.8168
Slovenia,SVN,2010,27.97701
Slovenia,SVN,2011,28.08288
Slovenia,SVN,2012,29.83794
Slovenia,SVN,2013,31.38449
Slovenia,SVN,2014,31.39959
Slovenia,SVN,2015,33.33333
Slovenia,SVN,2017,33.32192
Solomon Islands,SLB,2008,0
South Africa,ZAF,2014,41.24347
South Africa,ZAF,2015,41.33382
South Africa,ZAF,2016,41.86201
South Africa,ZAF,2017,42.75694
South Korea,KOR,1998,31.06572
South Korea,KOR,1999,30.41273
South Korea,KOR,2000,31.88768
South Korea,KOR,2001,31.99411
South Korea,KOR,2002,33.31327
South Korea,KOR,2003,31.42225
South Korea,KOR,2004,29.22368
South Korea,KOR,2005,29.12744
South Korea,KOR,2006,27.46204
South Korea,KOR,2007,26.15022
South Korea,KOR,2008,26.05072
South Korea,KOR,2009,27.62485
South Korea,KOR,2011,27.14549
South Korea,KOR,2012,27.5549
South Korea,KOR,2013,27.67428
South Korea,KOR,2014,27.92758
South Korea,KOR,2015,25.96603
South Korea,KOR,2016,26.36121
South Korea,KOR,2017,25.21585
Spain,ESP,1999,32.70938
Spain,ESP,2000,31.81207
Spain,ESP,2001,31.70358
Spain,ESP,2002,31.35196
Spain,ESP,2003,31.06306
Spain,ESP,2004,30.91178
Spain,ESP,2005,30.30094
Spain,ESP,2006,30.75087
Spain,ESP,2007,30.69194
Spain,ESP,2008,30.97387
Spain,ESP,2009,31.17878
Spain,ESP,2010,31.09671
Spain,ESP,2011,30.33318
Spain,ESP,2012,30.8907
Spain,ESP,2013,29.50554
Spain,ESP,2014,29.05799
Spain,ESP,2015,29.34966
Spain,ESP,2016,29.68383
Spain,ESP,2017,29.55581
Sri Lanka,LKA,2015,39.51943
Sri Lanka,LKA,2016,42.55887
Sri Lanka,LKA,2017,40.29088
Sri Lanka,LKA,2018,40.57054
Sudan,SDN,2012,42.41319
Sudan,SDN,2015,47.18265
Sweden,SWE,1999,29.1978
Sweden,SWE,2000,32.57932
Sweden,SWE,2001,34.14144
Sweden,SWE,2002,35.08593
Sweden,SWE,2003,34.55593
Sweden,SWE,2004,34.08959
Sweden,SWE,2005,34.07789
Sweden,SWE,2006,34.69425
Sweden,SWE,2007,33.4997
Sweden,SWE,2008,33.72531
Sweden,SWE,2009,32.95621
Sweden,SWE,2010,34.38098
Sweden,SWE,2011,32.98374
Sweden,SWE,2012,32.57266
Sweden,SWE,2013,32.40692
Sweden,SWE,2015,33.80372
Sweden,SWE,2016,35.1661
Sweden,SWE,2017,35.47829
Switzerland,CHE,1999,13.3496
Switzerland,CHE,2000,14.73104
Switzerland,CHE,2001,15.2314
Switzerland,CHE,2002,16.09121
Switzerland,CHE,2003,15.37868
Switzerland,CHE,2004,16.90992
Switzerland,CHE,2005,17.10656
Switzerland,CHE,2006,18.97602
Switzerland,CHE,2007,18.79041
Switzerland,CHE,2008,20.33699
Switzerland,CHE,2009,20.40579
Switzerland,CHE,2010,20.69631
Switzerland,CHE,2011,20.79777
Switzerland,CHE,2013,21.58609
Switzerland,CHE,2014,21.93862
Switzerland,CHE,2015,22.73355
Switzerland,CHE,2016,22.05135
Switzerland,CHE,2017,22.31547
Syria,SYR,2016,49.50636
Thailand,THA,2015,29.69042
Thailand,THA,2016,30.13622
Tunisia,TUN,2012,43.05981
Tunisia,TUN,2015,53.28263
Tunisia,TUN,2016,54.43975
Tunisia,TUN,2018,55.4091
Turkey,TUR,1999,30.36771
Turkey,TUR,2000,31.52566
Turkey,TUR,2001,31.54086
Turkey,TUR,2002,30.77118
Turkey,TUR,2003,31.68932
Turkey,TUR,2004,30.77603
Turkey,TUR,2005,29.12648
Turkey,TUR,2006,30.12029
Turkey,TUR,2007,31.47885
Turkey,TUR,2008,30.98286
Turkey,TUR,2009,30.4954
Turkey,TUR,2010,31.43159
Turkey,TUR,2011,33.15357
Turkey,TUR,2012,34.63129
Turkey,TUR,2014,34.68608
Tuvalu,TUV,1998,0
Tuvalu,TUV,1999,0
Tuvalu,TUV,2000,0
Tuvalu,TUV,2001,0
Tuvalu,TUV,2002,0
Tuvalu,TUV,2003,0
Tuvalu,TUV,2008,0
Uganda,UGA,1999,26.29505
Uganda,UGA,2000,16.81796
Uganda,UGA,2004,25.68259
Ukraine,UKR,2012,30.22805
Ukraine,UKR,2015,29.65321
Ukraine,UKR,2016,29.49137
Ukraine,UKR,2017,27.4179
Ukraine,UKR,2018,28.78557
United Arab Emirates,ARE,2011,41.41536
United Arab Emirates,ARE,2012,45.86617
United Arab Emirates,ARE,2015,41.52152
United Arab Emirates,ARE,2016,43.46405
United Arab Emirates,ARE,2017,41.48553
United Kingdom,GBR,2000,32.31279
United Kingdom,GBR,2001,32.75802
United Kingdom,GBR,2002,33.02892
United Kingdom,GBR,2003,34.43641
United Kingdom,GBR,2004,31.31869
United Kingdom,GBR,2005,30.87579
United Kingdom,GBR,2006,30.87921
United Kingdom,GBR,2007,31.19655
United Kingdom,GBR,2008,31.30225
United Kingdom,GBR,2009,30.96644
United Kingdom,GBR,2010,30.20385
United Kingdom,GBR,2011,30.32443
United Kingdom,GBR,2012,30.63109
United Kingdom,GBR,2013,37.30644
United Kingdom,GBR,2014,37.90367
United Kingdom,GBR,2015,37.96729
United Kingdom,GBR,2016,38.10313
United States,USA,2005,31.45829
United States,USA,2010,31.39109
United States,USA,2011,30.90634
United States,USA,2012,30.97884
United States,USA,2013,31.62665
United States,USA,2014,31.86863
United States,USA,2015,33.38695
United States,USA,2016,33.98544
Uruguay,URY,2007,49.47368
Uruguay,URY,2008,47.80316
Uruguay,URY,2009,44.56613
Uruguay,URY,2010,44.31239
Uruguay,URY,2017,43.96355
Uzbekistan,UZB,2018,24.60623
Venezuela,VEN,2000,42.80571
Vietnam,VNM,2005,19.99175
Vietnam,VNM,2007,24.2565
Vietnam,VNM,2008,22.4293
Vietnam,VNM,2009,24.33625
Vietnam,VNM,2010,23.48511
Vietnam,VNM,2012,25.24753
Vietnam,VNM,2015,40.67537
Vietnam,VNM,2016,36.50885
Zimbabwe,ZWE,2010,20.08586
Zimbabwe,ZWE,2011,26.70171
Zimbabwe,ZWE,2012,26.91811
Zimbabwe,ZWE,2015,28.79315